INSERT INTO `valeur` (`id_valeur`, `intitule`, `valeur`) VALUES (1,'De 0 à 5 €',1),(2,'De 5 à 10 €',2),(3,'De 10 à 15 €',3),(4,'De 15 à 25 €',4),(5,'De 25 à 50 €',5);

INSERT INTO `etat` (`id_etat`, `intitule`) VALUES (1,'Neuf'),(2,'Bon etat'),(3,'Usé'),(4,'Occasion');

INSERT INTO `compte` (`id_compte`, `type_compte`) VALUES (1,'admin'),(2,'membre');

INSERT INTO `categorie` (`id_categorie`, `intitule`, `id_categorie_mere`) VALUES (1,'Livre, BD',NULL),(2,'Musique, CD',NULL),(3,'DVD, Blu-Ray, VOD',NULL),(4,'Jeux vidéo, Consoles',NULL),(5,'Téléphonie, Tablette',NULL),(6,'Informatique, Logiciel',NULL),(7,'Images, Son',NULL),(8,'Maison, électro, Déco',NULL),(9,'Brico, Jardin, Animalerie',NULL),(10,'Sport, Loisirs',NULL),(11,'Mode, Breauté',NULL),(12,'Jouets, Enfants',NULL),(13,'Auto, Moto',NULL),(14,'Art et Collection',NULL),(15,'BD, Humour et Jeunesse',1),(16,'Littérature et Fiction',1),(17,'Culture, Société',1),(18,'Scolaire, Universitaire',1),(19,'Vie pratique, Loisir',1),(20,'Autres',1),(21,'CD',2),(22,'Vyniles',2),(23,'Instruments de musique',2),(24,'Autres',2),(25,'DVD',3),(26,'Blu-Ray',3),(27,'VOD',3),(28,'Autres',3),(29,'Consoles',4),(30,'Jeux vidéo',4),(31,'Accessoires',4),(32,'Autres',4),(33,'Téléphonie',5),(34,'Tablettes, Liseuses',5),(35,'Accesoires mobiles',5),(36,'Objets Connectés',5),(37,'Autres',5),(38,'Ordinateur portable',6),(39,'Tablettes',6),(40,'Ordinateurs de bureau',6),(41,'Stockage et périphérique',6),(42,'Autres',6),(43,'Appareil photos',7),(44,'Hifi, Son',7),(45,'TV, Home cinema',7),(46,'MP3, casques',7),(47,'Autres',7),(48,'Gros électro',8),(49,'Petit électro',8),(50,'Cuisine',8),(51,'Bien être',8),(52,'Mobilier',8),(53,'Déco',8),(54,'Vin, épicerie',8),(55,'Autres',8),(56,'Brico',9),(57,'Mobilier de jardin',9),(58,'Outilages de jardin',9),(59,'Animalerie',9),(60,'Autres',9),(61,'Matériel de sport',10),(62,'Objets Connectés',10),(63,'Chaussures',10),(64,'Vêtements',10),(65,'Autres',10),(66,'Femmes',11),(67,'Hommes',11),(68,'Beauté, Santé',11),(69,'Accessoires',11),(70,'Autres',11),(71,'Puériculture',12),(72,'Jouets',12),(73,'Modélisme',12),(74,'Jeux de plein air',12),(75,'Autres',12),(76,'Equipement auto',13),(77,'Entretien auto moto',13),(78,'Pneus, Pièces',13),(79,'Tunning',13),(80,'Univers 2 roues',13),(81,'Autres',13),(82,'Timbres et monnaies',14),(83,'Art et Photos',14),(84,'Carte postales',14),(85,'Objets à collectionner',14),(86,'Autres',14);

INSERT INTO `membre` (`id_membre`, `nom`, `prenom`, `date_naissance`, `date_inscription`, `avatar`, `mail`, `telephone`, `date_desinscription`, `date_radiation`, `motif_radiation`, `pseudo`, `password`, `compte_id`) VALUES (1,'LECLER','Buzz','1990-12-12','2017-12-01 00:00:00',NULL,'buzz@toc.com',NULL,NULL,NULL,NULL,'Buzzy','pass',2),(2,'LEPONGE','Bob','1995-10-01','2017-10-01 00:00:00',NULL,'bob@eponge.com',NULL,NULL,NULL,NULL,'Bob','pass',2),(3,'Admin','admin','1985-07-04','2016-01-01 00:00:00',NULL,'admin@trocandco.com',NULL,NULL,NULL,NULL,'admin','pass',1),(4,'Durant','Maurice','1966-06-06','2017-01-25 00:00:00',NULL,'maurice.durant@gmail.com','0612345678',NULL,NULL,NULL,'Momo','pass',2),(5,'Lussac','Raphael','1985-03-04','2017-04-12 00:00:00',NULL,'raph.lulu@gmail.com','0214569875',NULL,NULL,NULL,'raph','pass',2),(6,'Bob','Toto','1963-02-24','2017-03-01 00:00:00',NULL,'bob.toto@toto.com','0236547895',NULL,NULL,NULL,'TotoBob','pass',2),(7,'Dodo','Lulu','1975-07-15','2016-12-12 00:00:00',NULL,'lulu.dodo@free.fr','0312121212',NULL,NULL,NULL,'Ludo','pass',2),(8,'Outant','Laurent','1984-08-15','2016-11-03 00:00:00',NULL,'lolo@lolo.fr','0456565656',NULL,NULL,NULL,'Lolo','pass',2),(9,'De Bourbon','Louis','1953-04-06','2016-02-03 00:00:00',NULL,'Loulou14@france.fr','0101010101',NULL,NULL,NULL,'Kingsun','pass',2),(10,'D\'autriche','Marie-Thérèse','1954-09-10','2016-05-09 00:00:00',NULL,'marieT@france.fr','0202020202',NULL,NULL,NULL,'QueenMT','pass',2),(11,'France','Galle','1966-11-30','2017-03-25 00:00:00',NULL,'fg@france.fr','0303030303',NULL,NULL,NULL,'FranceG','pass',2);

INSERT INTO `proposition` (`id_proposition`, `intitule`, `etat_id`, `valeur_id`, `membre_id`, `categorie_id`, `sous_categorie_id`, `description`, `date_ajout`) VALUES (1,'Pot',1,1,1,5,35,NULL,'2017-12-01 00:02:00'),(2,'Potpot',2,1,1,6,41,NULL,'2017-12-01 10:00:00'),(3,'Potpotpot',3,1,2,8,52,NULL,'2017-10-01 10:00:00'),(5,'Chaussures',4,2,6,11,69,'Chaussures taille 92','2017-03-01 10:00:00'),(6,'Chaton',1,1,6,9,59,'Chatnoir','2017-03-01 12:00:00'),(7,'Rummikub',1,1,5,12,72,'En bon etat','2017-04-12 10:00:00'),(8,'Canard en plastique',2,2,4,12,71,'Tres peu utilisé couine trop! pratique pour les bains!','2017-01-25 10:00:00'),(9,'Vélo compétition',4,4,7,10,61,'Je prefère les trotinettes','2016-12-12 10:00:00'),(10,'Ordinateur portable',2,4,2,6,38,'Asus Rogue','2017-10-01 10:00:00'),(11,'Bol vert',3,1,5,8,50,'Fait par mon fils!','2017-04-12 11:00:00'),(12,'Manteau en hermine Lisse',2,5,10,11,67,'Pas piqué des verres','2016-05-09 10:00:00'),(13,'Cadenas',3,2,9,14,85,'Du pont des arts','2016-02-03 10:00:00'),(14,'Peluche',1,2,2,12,71,'Bob l\'éponge','2017-10-01 12:00:00'),(15,'Ballon',1,2,6,10,61,NULL,'2017-03-01 10:02:00'),(16,'Timbres',4,3,8,14,82,'Grosse collection','2016-11-03 20:00:00');

INSERT INTO `tag` (`id_tag`, `intitule`, `categorie_id`) VALUES (4,'Jeunesse',15),(5,'Manga',15),(6,'Comics',15),(7,'Bouquin',16),(8,'Roman',16),(9,'Policier',16),(10,'Art',17),(11,'Cinéma',17),(12,'Musique',17),(13,'Manuel',18),(14,'école',18),(15,'université',18),(16,'Hobby',19),(17,'voyage',19),(18,'yoga',19),(19,'Rock',21),(20,'Jazz',21),(21,'Blues',21),(22,'33',22),(23,'45',22),(24,'Vieux',22),(25,'Guitare',23),(26,'Violon',23),(27,'Flute',23),(28,'Film',25),(29,'Comédie',25),(30,'Série',25),(31,'Film',26),(32,'Comédie',26),(33,'Série',26),(34,'Film',27),(35,'Comédie',27),(36,'Série',27),(37,'PS',29),(38,'Nintendo',29),(39,'Xbox',29),(40,'PS',30),(41,'Xbox',30),(42,'DS',30),(43,'Manette',31),(44,'Souris',31),(45,'Casque',31),(46,'Iphone',33),(47,'Samsung',33),(48,'Nokia',33),(49,'Ipad',34),(50,'Samsung',34),(51,'Kindle',34),(52,'PC',35),(53,'Mac',35),(54,'Fixe',35),(55,'Disque',36),(56,'USB',36),(57,'Ecran',36),(58,'PC',38),(59,'mac',38),(60,'Imac',38),(61,'Ipad',39),(62,'Kindle',39),(63,'Asus',39),(64,'Dell',40),(65,'Tour',40),(66,'Pc',40),(67,'Disque',41),(68,'Dur',41),(69,'Clef',41),(70,'Reflex',43),(71,'Polaroïd',43),(72,'Compact',43),(73,'Chaîne',44),(74,'Enceinte',44),(75,'Sono',44),(76,'LED',45),(77,'Ecran',45),(78,'Projecteur',45),(79,'Ipod',46),(80,'Ecouteur',46),(81,'Oreille',46),(82,'Frigo',48),(83,'Four',48),(84,'Aspirateur',48),(85,'café',49),(86,'blender',49),(87,'robot',49),(88,'Couteau',50),(89,'Fourchette',50),(90,'cuillère',50),(91,'épilateur',51),(92,'radiateur',51),(93,'chauffage',51),(94,'canapé',52),(95,'matelas',52),(96,'lit',52),(97,'Lampe',53),(98,'tableau',53),(99,'rideau',53),(100,'alcool',54),(101,'liqueur',54),(102,'nourri',54),(103,'Outil',56),(104,'Sécu',56),(105,'Travaux',56),(106,'Serre',57),(107,'Abri',57),(108,'Plante',57),(109,'Tronçonneuse',58),(110,'Nettoyeur',58),(111,'pelle',58),(112,'chien',59),(113,'chat',59),(114,'poisson',59),(115,'vélo',61),(116,'running',61),(117,'muscu',61),(118,'montre',62),(119,'bracelet',62),(120,'fit',62),(121,'running',63),(122,'course',63),(123,'tennis',63),(124,'jogging',64),(125,'t-shirt',64),(126,'dossard',64),(127,'robe',66),(128,'jupe',66),(129,'chemisier',66),(130,'jean',67),(131,'boxer',67),(132,'veste',67),(133,'maquillage',68),(134,'gemey',68),(135,'levre',68),(136,'montre',69),(137,'bijoux',69),(138,'bague',69),(139,'bébé',71),(140,'éveil',71),(141,'biberon',71),(142,'lego',72),(143,'jeu',72),(144,'société',72),(145,'maquette',73),(146,'drone',73),(147,'miniature',73),(148,'ballon',74),(149,'raquette',74),(150,'trampoline',74),(151,'siège',76),(152,'retro',76),(153,'volant',76),(154,'huile',77),(155,'moteur',77),(156,'lave',77),(157,'jante',78),(158,'michelin',78),(159,'amortisseur',78),(160,'jacki',79),(161,'nord',79),(162,'sticker',79),(163,'casque',80),(164,'moto',80),(165,'pilote',80),(166,'numismatique',82),(167,'philatélie',82),(168,'pièce',82),(169,'tableau',83),(170,'gravure',83),(171,'peinture',83),(172,'France',84),(173,'maroc',84),(174,'état',84),(175,'figurine',85),(176,'carte',85),(177,'pin\'s',85);

INSERT INTO `message` (`id_message`, `lu`, `texte`, `date_envoi`, `membre_id_recepteur`, `proposition_id`, `membre_id_emetteur`) VALUES (1,1,'PdDSf dsqlkfhkldhf d;qksfjhfksdf','2017-04-15 00:00:00',5,5,6),(2,0,'sdqfq dslkfhjldj dsflkhdksf qsldkhfdsq ','2017-04-15 02:00:00',5,5,6);

INSERT INTO `localisation` (`id_localisation`, `adresse`, `code_postal`, `ville`, `longitude`, `latitude`, `membre_id`) VALUES (1,'34 rue de picpus',75012,'paris',2.39535,48.8452,1),(2,'92 avenue du général michel bizot',75012,'paris',2.40387,48.8375,2),(27,'9 Boulevard du Général de Gaulle',92120,'Montrouge',2.32717,48.8164,3),(28,'1 rue d\'Alésia',75014,'Paris',2.34114,48.8264,4),(29,'3 rue de la pomme',31000,'Toulouse',1.44703,43.6019,5),(30,'4 rue des messageries',75010,'Paris',2.35083,48.8762,5),(31,'5 rue Monge',75005,'Paris',2.34968,48.8494,6),(32,'50 boulevard du minervois',11700,'Pepieux',2.68208,43.2969,6),(33,'3 avenue verdier',92120,'Montrouge',2.32027,48.8144,7),(34,'15 rue pasteur',73200,'albertville',6.38809,45.6697,7),(35,'5 rue de la paix',75002,'Paris',2.33122,48.8696,8),(36,'3 boulevard du roi',78000,'Versailles',2.12515,48.8103,9),(37,'Palais du louvre',75001,'Paris',2.33856,48.8604,9),(38,'67 boulevard de la reine',78000,'Versailles',2.1308,48.8097,10),(39,'25 Avenue Danielle casanova',94200,'Ivry-sur-seine',2.38165,48.8175,11);

INSERT INTO `liste` (`id_liste`, `titre_liste`, `date_creation`, `date_valid`, `membre_id`) VALUES (1,'Mamam','2017-04-15 00:00:00',NULL,7),(2,'Papa','2017-04-15 00:00:00',NULL,5);

INSERT INTO `envie` (`id_envie`, `distance`, `liste_id`, `valeur_id`, `categorie_id`, `sous_categorie_id`, `intitule`) VALUES (1,NULL,1,2,10,17,'Mug pika'),(2,NULL,1,NULL,NULL,NULL,'Canard'),(3,25,2,NULL,NULL,NULL,'Canard Jaune');

INSERT INTO `favori` (`membre_id`, `proposition_id`) VALUES (5,1),(8,6),(9,5),(11,1),(11,6);

INSERT INTO `echange` (`id_echange`, `reference_echange`, `date_init`, `date_acceptation`, `date_refus`, `date_validation`, `comm_chercheur`, `note_chercheur`, `comm_donneur`, `note_donneur`, `code_echange`, `prix`, `membre_id`, `proposition_id`) VALUES (1,'1','2017-04-15 00:00:00','2017-04-15 00:00:00','2017-04-16 00:00:00','2017-04-17 00:00:00','Attente comblée',5,'Bon contact',4,4562,3,4,10),(2,'2','2017-04-02 00:00:00','2017-04-03 00:00:00',NULL,NULL,NULL,NULL,NULL,NULL,NULL,1,5,11),(3,'3','2017-01-01 00:00:00','2017-01-02 00:00:00','2017-01-03 00:00:00',NULL,NULL,NULL,NULL,NULL,NULL,2,5,11);

